1000
id,first_name,last_name,email,phone
278134,Heloise,Spooner,hspooner0@taobao.com,748-684-4146
751652,Gabriela,Walsham,gwalsham1@networkadvertising.org,303-316-7108
452862,Charla,Bilby,cbilby2@jugem.jp,774-966-4949
86948,Karlyn,Deveril,kdeveril3@istockphoto.com,187-724-3614
486824,Flossi,Varley,fvarley4@examiner.com,458-589-0090
270344,Tammie,Margarson,tmargarson5@weather.com,655-598-7452
23900,Jessy,Wyrill,jwyrill6@google.es,847-470-2393
915884,Doy,Romanski,dromanski7@histats.com,715-628-5754
201236,Dionis,Hebdon,dhebdon8@gizmodo.com,225-801-1328
247373,Lorita,Mc Giffin,lmcgiffin9@aol.com,164-759-1008
935357,Micki,Woodward,mwoodwarda@hao123.com,921-657-9413
241012,Paddie,Hannon,phannonb@mayoclinic.com,847-580-6167
991727,Seumas,Bree,sbreec@yale.edu,579-355-1626
805048,Tallou,Blondelle,tblondelled@imdb.com,741-209-8176
77494,Camala,Killeen,ckilleene@usnews.com,156-782-1944
446706,Hagen,Jakubowski,hjakubowskif@theguardian.com,842-630-1442
654240,Anett,Garahan,agarahang@ucla.edu,732-691-9492
576127,Stephie,Valencia,svalenciah@latimes.com,927-883-7106
676632,Darnall,Hulkes,dhulkesi@instagram.com,247-793-3918
307891,Lea,Zorener,lzorenerj@netscape.com,331-235-3930
438323,Jarvis,Clerke,jclerkek@uol.com.br,312-995-8231
289188,Wendell,Mayoh,wmayohl@engadget.com,920-624-7220
403141,Hesther,Gerrard,hgerrardm@walmart.com,469-760-4497
808355,Neddy,Bertwistle,nbertwistlen@twitter.com,672-962-8933
303560,Holmes,Twort,htworto@skype.com,397-382-3329
879878,Keane,De Malchar,kdemalcharp@trellian.com,245-531-0293
189568,Eward,Pembry,epembryq@ehow.com,493-729-2947
789238,Domini,Gurery,dgureryr@biglobe.ne.jp,221-460-9669
993093,Aubrie,Daye,adayes@tamu.edu,854-450-6194
298521,Quincey,Skiggs,qskiggst@sourceforge.net,402-416-9850
409510,Jan,Huegett,jhuegettu@npr.org,485-726-6001
576459,Chloette,Eastmond,ceastmondv@prweb.com,118-340-8095
942320,Hewitt,Hackett,hhackettw@nytimes.com,746-668-4890
40308,Kendre,Mangion,kmangionx@alexa.com,282-326-6462
557358,Lenard,Kingsman,lkingsmany@shareasale.com,165-739-4194
702895,Gannie,Dundendale,gdundendalez@ebay.com,625-888-9462
814879,Ianthe,Stodhart,istodhart10@goodreads.com,874-420-8013
594204,Ardith,Urwin,aurwin11@arizona.edu,830-934-6607
938558,Debbie,Barhem,dbarhem12@ft.com,326-140-2895
214047,Rickie,Prugel,rprugel13@wordpress.org,351-632-1624
150121,Kile,Truswell,ktruswell14@japanpost.jp,948-121-0133
93747,Edin,Turn,eturn15@parallels.com,265-651-7051
35542,Delmor,Gillise,dgillise16@ucoz.com,209-152-3441
725862,Jackie,Nizard,jnizard17@apple.com,597-812-0985
256060,Danyelle,Yurtsev,dyurtsev18@twitter.com,814-203-5175
306769,Faina,Morsey,fmorsey19@surveymonkey.com,607-441-7962
668360,Storm,Dugall,sdugall1a@engadget.com,492-960-2231
872645,Justinn,Gabe,jgabe1b@chronoengine.com,831-432-5287
186967,Gretna,Rochell,grochell1c@mapquest.com,336-733-9814
889634,Shaughn,Ovendale,sovendale1d@blogger.com,971-656-4106
969990,Matty,McCunn,mmccunn1e@hugedomains.com,632-483-9335
428108,Gerty,Bucktharp,gbucktharp1f@mozilla.org,385-599-0953
990905,Suki,Vasilischev,svasilischev1g@phoca.cz,694-716-1306
821662,Gerick,Danskine,gdanskine1h@msn.com,236-590-1786
113729,Ab,Burrel,aburrel1i@dailymail.co.uk,359-478-8072
992209,Emili,Weinmann,eweinmann1j@japanpost.jp,278-665-9478
63559,Omero,Toffler,otoffler1k@mashable.com,987-574-2661
620070,Gerhardt,Shatford,gshatford1l@netscape.com,530-118-6539
833363,Renelle,Hebborne,rhebborne1m@over-blog.com,192-999-5362
202920,Ermin,Jopke,ejopke1n@umn.edu,154-157-4583
883683,Seth,Esland,sesland1o@facebook.com,991-768-5011
442570,Ashlan,Terbeek,aterbeek1p@4shared.com,904-861-8891
38906,Mureil,Boyington,mboyington1q@prnewswire.com,711-447-2687
68160,Gratiana,McDool,gmcdool1r@amazon.co.uk,581-816-3308
795744,Arel,Scholtis,ascholtis1s@hexun.com,200-694-5568
624302,Loralie,Meegin,lmeegin1t@archive.org,881-187-4721
99926,Krysta,Bennington,kbennington1u@dot.gov,132-111-6920
960271,Loretta,Kiraly,lkiraly1v@posterous.com,908-834-5474
35879,Wilfrid,Skune,wskune1w@reverbnation.com,970-172-3666
862444,Arly,Newens,anewens1x@berkeley.edu,364-475-6598
617971,Selina,Sainter,ssainter1y@washingtonpost.com,646-993-0466
728711,Samara,O'Connel,soconnel1z@pbs.org,736-793-7287
697919,Roy,Daniele,rdaniele20@nyu.edu,911-858-9839
842530,Paula,Facer,pfacer21@vinaora.com,186-269-4307
832831,Ferne,Wheater,fwheater22@abc.net.au,431-787-7494
236589,Basile,Temporal,btemporal23@ustream.tv,601-954-1310
360551,Derk,Andreasson,dandreasson24@storify.com,875-969-6718
190216,Ray,Thrussell,rthrussell25@unblog.fr,558-841-2645
60351,Jacob,Nezey,jnezey26@ocn.ne.jp,652-835-9688
976108,Veronika,Rohan,vrohan27@independent.co.uk,908-609-7544
144362,Ansell,Halewood,ahalewood28@multiply.com,454-144-2010
666962,Brigitta,Goldman,bgoldman29@fastcompany.com,302-325-3182
378113,Cookie,Blowin,cblowin2a@vk.com,923-732-2337
320334,Bernadine,Shaxby,bshaxby2b@privacy.gov.au,701-383-0766
173667,Johann,Duxfield,jduxfield2c@google.co.uk,233-166-2417
4444,Mariska,Abella,mabella2d@marketwatch.com,257-488-6871
873853,Ancell,Bootes,abootes2e@hao123.com,672-489-7660
884911,Aprilette,Kiddie,akiddie2f@nyu.edu,661-492-3934
334537,Ricca,Stuchberry,rstuchberry2g@ox.ac.uk,539-274-2599
553779,Frederich,Efford,fefford2h@yellowpages.com,279-216-6757
922454,Hartley,D'Cruze,hdcruze2i@hexun.com,546-340-2267
539766,Maude,Calles,mcalles2j@surveymonkey.com,126-397-8266
653183,Carlyn,Devo,cdevo2k@infoseek.co.jp,297-199-8015
202046,Akim,O'Ruane,aoruane2l@toplist.cz,276-948-3964
392563,Ana,Filby,afilby2m@diigo.com,932-185-6758
468867,Cort,Luebbert,cluebbert2n@apache.org,745-718-3391
130048,Felicdad,Ebbitt,febbitt2o@senate.gov,742-543-5002
324669,Jemima,Lotwich,jlotwich2p@webnode.com,800-472-3590
111312,Gloriane,Goold,ggoold2q@e-recht24.de,567-997-8647
981339,Samaria,Sefton,ssefton2r@wikia.com,579-469-2613
208363,Ferguson,Guilleton,fguilleton2s@bing.com,742-209-9761
898746,Frazier,Gile,fgile2t@uol.com.br,674-449-5201
440282,Rafael,Janowicz,rjanowicz2u@pagesperso-orange.fr,207-707-4222
827333,Ly,Judkins,ljudkins2v@blogs.com,672-153-2633
855636,Crystie,Degue,cdegue2w@alibaba.com,607-696-6511
886731,Antons,Easey,aeasey2x@paginegialle.it,957-621-7928
421679,Toiboid,Hatchett,thatchett2y@canalblog.com,705-442-3359
934001,Stanislas,Rockliffe,srockliffe2z@acquirethisname.com,349-455-6320
373024,Korey,Soeiro,ksoeiro30@house.gov,611-661-4415
666243,Niccolo,Betun,nbetun31@ovh.net,362-957-0653
281070,Jonathon,Joselovitch,jjoselovitch32@networksolutions.com,769-606-7671
73065,Emmaline,Sales,esales33@cdbaby.com,479-422-1180
633154,Giovanna,Bertot,gbertot34@wikia.com,460-399-1293
70804,Annora,Rosindill,arosindill35@ning.com,461-947-2446
108681,Greg,Brayfield,gbrayfield36@pbs.org,863-167-6776
754841,Yehudi,Audiss,yaudiss37@arstechnica.com,724-782-9137
347821,Francklin,Godfrey,fgodfrey38@soundcloud.com,574-544-9067
446905,Alexis,Mulryan,amulryan39@cloudflare.com,497-483-5173
718271,Jesselyn,Vinick,jvinick3a@com.com,423-251-7377
580241,Herman,Blesdill,hblesdill3b@joomla.org,798-921-0848
586453,Charlotte,Shotton,cshotton3c@photobucket.com,665-106-6640
83938,Ashley,Kubas,akubas3d@bing.com,637-578-6245
974633,Leesa,Cockshtt,lcockshtt3e@infoseek.co.jp,404-790-5912
699931,Marylinda,Dawnay,mdawnay3f@cbslocal.com,920-411-8584
530727,Dell,Kimmings,dkimmings3g@irs.gov,310-317-2339
452889,Marwin,Dugdale,mdugdale3h@seesaa.net,564-356-7141
494868,Clementina,Bauser,cbauser3i@amazonaws.com,305-692-3055
745910,Norina,Wittman,nwittman3j@sbwire.com,252-387-0199
177536,Norina,Glew,nglew3k@sfgate.com,518-613-1456
811973,Julita,Scorrer,jscorrer3l@sfgate.com,407-549-9771
616473,Viki,McIlmorow,vmcilmorow3m@globo.com,340-161-5886
919040,Godfree,Phinn,gphinn3n@is.gd,629-488-9737
809711,Cara,Hampson,champson3o@multiply.com,939-116-9992
362009,Dorian,Wooff,dwooff3p@booking.com,921-807-6322
315506,Shel,Attfield,sattfield3q@constantcontact.com,480-403-2412
849761,Geno,Scrigmour,gscrigmour3r@time.com,887-496-1505
645856,Brandtr,Bawcock,bbawcock3s@blogs.com,218-116-7425
45884,Merla,Yukhin,myukhin3t@cyberchimps.com,515-620-8777
677427,Erin,Mulrooney,emulrooney3u@desdev.cn,264-191-0932
376756,Natala,Clausius,nclausius3v@histats.com,383-487-4555
748302,Amie,Staden,astaden3w@theglobeandmail.com,478-954-6928
506041,Ty,Elie,telie3x@time.com,304-487-8316
808745,Guinevere,Botright,gbotright3y@disqus.com,157-453-5498
811601,Obediah,Huzzay,ohuzzay3z@lulu.com,104-773-8892
335745,Tedra,Loweth,tloweth40@scribd.com,718-940-6490
594408,Brnaba,Bootman,bbootman41@live.com,522-253-0840
291927,Bronson,Fermor,bfermor42@pen.io,998-445-9465
50701,Blanch,Elvins,belvins43@opensource.org,759-663-0505
333527,Eduard,Skeats,eskeats44@godaddy.com,703-146-4494
75008,Glendon,O'Sheilds,gosheilds45@gnu.org,220-655-2577
183849,Bart,Hanks,bhanks46@desdev.cn,744-626-8350
58775,Faydra,Arber,farber47@ycombinator.com,414-460-6121
795304,Jone,Maton,jmaton48@buzzfeed.com,598-734-4807
67701,Kelila,Francesch,kfrancesch49@addthis.com,317-591-1345
704130,Sal,Beri,sberi4a@newyorker.com,695-975-0884
817768,Gerrie,Dalliwatr,gdalliwatr4b@elegantthemes.com,863-669-9056
498056,Egor,Doodney,edoodney4c@google.com,815-365-5201
853007,Shermy,McGeachey,smcgeachey4d@ocn.ne.jp,714-576-2611
577810,Cordy,Brute,cbrute4e@squidoo.com,328-366-1128
246147,Nessy,Marmyon,nmarmyon4f@amazon.com,653-742-2023
141270,Constantine,Rowantree,crowantree4g@senate.gov,644-261-8008
87707,Nettie,Pardey,npardey4h@woothemes.com,414-346-0638
727102,Javier,Chatterton,jchatterton4i@feedburner.com,333-598-1731
126837,Sibylla,Yearne,syearne4j@cdc.gov,866-456-8242
713670,Stevana,Couves,scouves4k@rambler.ru,205-798-4225
409534,Shelia,Lampel,slampel4l@yellowbook.com,668-198-4503
347460,Shurwood,Helsby,shelsby4m@prnewswire.com,645-276-8103
867831,Natka,De Witt,ndewitt4n@1688.com,564-883-7378
761387,Ruben,Haucke,rhaucke4o@a8.net,157-523-6779
619048,Hildegarde,Dericut,hdericut4p@uol.com.br,567-289-8598
880755,Erin,Coxall,ecoxall4q@1688.com,362-182-8023
270197,Anatola,LAbbet,alabbet4r@diigo.com,309-704-3372
934654,Justinn,Isson,jisson4s@dailymotion.com,907-755-5029
749717,Raimundo,Edgehill,redgehill4t@jiathis.com,602-690-9686
571271,Trixy,Collens,tcollens4u@zdnet.com,371-901-0609
56750,Flory,Bumphries,fbumphries4v@blogs.com,977-806-9092
685766,Tremain,Tschersich,ttschersich4w@facebook.com,368-947-7652
382328,Dmitri,Divis,ddivis4x@businesswire.com,643-572-4679
55710,Jaquenetta,Praundlin,jpraundlin4y@sitemeter.com,126-233-3210
332103,Lexy,Andrei,landrei4z@ox.ac.uk,457-364-9795
954256,Regen,Annable,rannable50@merriam-webster.com,218-504-1284
842400,Lulita,Rainville,lrainville51@skype.com,383-204-4072
308061,Starr,Bottlestone,sbottlestone52@i2i.jp,301-761-7700
935433,Ester,Brandenberg,ebrandenberg53@i2i.jp,882-702-4121
456259,Cedric,Snedker,csnedker54@youtube.com,133-638-1976
357500,Rudd,Staggs,rstaggs55@symantec.com,766-976-8763
654979,Bessy,Moultrie,bmoultrie56@telegraph.co.uk,946-258-6942
539341,Abigael,Prettejohns,aprettejohns57@economist.com,854-492-4262
46431,Cozmo,Short,cshort58@geocities.com,987-114-4188
52545,Gayle,Shepstone,gshepstone59@deviantart.com,313-190-8608
795418,Ash,Yosifov,ayosifov5a@umn.edu,518-436-6826
967100,Karrah,Hancell,khancell5b@cocolog-nifty.com,840-185-4102
607958,Loree,Bridell,lbridell5c@scribd.com,735-259-3915
492987,Matty,Leydon,mleydon5d@t-online.de,157-513-2786
981473,Phyllis,Valek,pvalek5e@deviantart.com,607-871-5811
2215,Bess,Pretious,bpretious5f@who.int,267-735-6103
305377,Aurel,Cumberpatch,acumberpatch5g@sakura.ne.jp,327-864-3527
551018,Koenraad,Gavini,kgavini5h@cargocollective.com,181-345-7150
255673,Woodman,Karolyi,wkarolyi5i@bbc.co.uk,238-912-4624
523519,Clea,Luckman,cluckman5j@loc.gov,246-709-0659
594468,Whitaker,Tiley,wtiley5k@nifty.com,591-212-0954
288224,Dahlia,Pikhno,dpikhno5l@usatoday.com,177-246-6733
502337,Riccardo,Lovstrom,rlovstrom5m@ning.com,715-221-7842
450206,Doris,Beeze,dbeeze5n@unicef.org,404-962-9530
416485,Brett,Kinglesyd,bkinglesyd5o@biglobe.ne.jp,594-136-7919
217346,Phaedra,Clapham,pclapham5p@bizjournals.com,208-986-1228
335858,Basilio,Van den Velde,bvandenvelde5q@ebay.com,159-987-5539
224466,Humphrey,Greson,hgreson5r@gmpg.org,585-945-2861
16365,Baxie,Wiffen,bwiffen5s@techcrunch.com,551-918-5480
750787,Rubi,Kindread,rkindread5t@sourceforge.net,503-241-0532
471879,Allx,Mitchenson,amitchenson5u@hugedomains.com,814-438-7843
703820,Ruby,Gaunson,rgaunson5v@reference.com,347-257-6688
29328,Barn,Wem,bwem5w@wikipedia.org,256-488-5681
847349,Isaac,Eykel,ieykel5x@mashable.com,838-451-1208
367733,Cloe,Sextone,csextone5y@scribd.com,454-601-8995
652052,Nina,Gooms,ngooms5z@washingtonpost.com,351-226-1915
282599,Peterus,Longley,plongley60@tiny.cc,803-464-5662
622599,Muire,Spaxman,mspaxman61@cargocollective.com,447-233-8860
263539,Rorke,Towe,rtowe62@histats.com,753-883-1493
992539,Aurlie,Pirozzi,apirozzi63@loc.gov,561-297-1934
598601,Meghann,McGarrahan,mmcgarrahan64@amazon.de,233-789-9842
128249,Gerome,Maiklem,gmaiklem65@yahoo.com,518-799-6815
287826,Rosalinde,Brasted,rbrasted66@google.com,950-332-4402
757660,Peirce,Everest,peverest67@unc.edu,462-866-0189
189961,Eleonore,Sinnott,esinnott68@reuters.com,935-320-8661
613065,Fred,Dentith,fdentith69@list-manage.com,629-827-8841
273632,Humberto,Boissieux,hboissieux6a@va.gov,722-677-1047
741916,Ellis,Gresswood,egresswood6b@salon.com,388-887-7393
587013,Miriam,Gooderridge,mgooderridge6c@odnoklassniki.ru,444-881-9610
56931,Sheffie,Stille,sstille6d@artisteer.com,111-642-4879
900044,Fred,Medler,fmedler6e@aboutads.info,779-214-9383
635954,Danella,Zapata,dzapata6f@earthlink.net,699-368-2953
471455,Eolanda,Whodcoat,ewhodcoat6g@answers.com,961-513-8932
260742,Darrick,Daborn,ddaborn6h@shutterfly.com,432-612-2714
347522,Evanne,McGrudder,emcgrudder6i@angelfire.com,271-239-1419
862185,Hamel,Billinge,hbillinge6j@rambler.ru,792-173-6128
741764,Tedra,Heifer,theifer6k@facebook.com,254-281-8592
815000,Reena,Larose,rlarose6l@hugedomains.com,669-492-3579
229327,Marlowe,Darnbrook,mdarnbrook6m@tiny.cc,655-412-8807
544055,Wilt,Deam,wdeam6n@myspace.com,528-271-8257
341120,Iain,Corbould,icorbould6o@cloudflare.com,255-494-7519
22809,Otha,Gorst,ogorst6p@etsy.com,196-689-8377
796728,Charmine,Manilove,cmanilove6q@desdev.cn,924-884-4464
812960,Elsie,Bromilow,ebromilow6r@multiply.com,286-108-4253
964882,Moe,Cutford,mcutford6s@gravatar.com,888-172-6265
351362,Rowan,Wareing,rwareing6t@vkontakte.ru,906-648-6321
143574,Friedrich,Clarycott,fclarycott6u@redcross.org,117-756-1623
535182,Ebba,Gudge,egudge6v@twitter.com,625-662-6717
169181,Farly,Sanson,fsanson6w@adobe.com,805-358-9130
143434,Van,Smewings,vsmewings6x@hubpages.com,340-880-2838
873328,Reeta,Bing,rbing6y@stanford.edu,449-633-9787
171824,Hector,Lessmare,hlessmare6z@hugedomains.com,354-907-3748
899627,Hastings,Noyce,hnoyce70@wordpress.org,712-376-3898
862652,Chandra,Liebrecht,cliebrecht71@sakura.ne.jp,564-547-5829
413139,Munmro,Aluard,maluard72@joomla.org,812-697-5689
763475,Carolann,Fountian,cfountian73@oracle.com,532-382-5209
331521,Rhonda,Molesworth,rmolesworth74@lulu.com,194-959-3635
796350,Perkin,Haddrill,phaddrill75@ucla.edu,686-945-0444
428347,Nancey,Hanhard,nhanhard76@moonfruit.com,277-147-6855
620403,Gearard,Whorall,gwhorall77@dion.ne.jp,449-634-0144
628873,Leonerd,Cairney,lcairney78@yolasite.com,892-442-2488
186501,Leroi,Ference,lference79@issuu.com,932-850-5509
851108,Dania,Alred,dalred7a@storify.com,314-323-6443
315067,Elise,Kingerby,ekingerby7b@ucoz.com,156-341-3342
185432,Perceval,Parish,pparish7c@1688.com,502-654-4375
581649,Datha,Blewmen,dblewmen7d@wisc.edu,985-263-9307
542585,Jesselyn,Hove,jhove7e@ucoz.com,412-245-5863
916177,Zonda,Harome,zharome7f@who.int,367-677-8982
495879,Paolina,Axel,paxel7g@auda.org.au,520-553-1261
462495,Sophi,Callcott,scallcott7h@wiley.com,202-644-5093
688678,Inigo,Jardin,ijardin7i@google.co.jp,798-966-2582
426440,Nadya,Gibbins,ngibbins7j@liveinternet.ru,348-294-1625
542911,Gabriele,Lande,glande7k@abc.net.au,413-715-8005
577597,Alessandra,Epsly,aepsly7l@prnewswire.com,686-975-4596
124683,Athena,Giveen,agiveen7m@fastcompany.com,100-942-9392
231845,Erena,Bedinham,ebedinham7n@microsoft.com,281-291-2436
223191,Griz,Eilles,geilles7o@europa.eu,243-389-4028
169069,Sarena,Whight,swhight7p@rakuten.co.jp,299-539-0904
518478,Erinna,Bennetts,ebennetts7q@sourceforge.net,822-811-9394
304996,Rex,McManamen,rmcmanamen7r@apache.org,545-515-8501
959107,Had,Elverston,helverston7s@ezinearticles.com,810-495-8065
31756,Alison,Kidder,akidder7t@irs.gov,298-709-1554
536241,Berkley,Boerderman,bboerderman7u@about.me,509-721-0024
787359,Binnie,McGaughay,bmcgaughay7v@answers.com,325-168-7417
807286,Lotte,Alman,lalman7w@wisc.edu,885-136-6519
205153,Ebonee,Tedman,etedman7x@deliciousdays.com,307-307-0528
835499,Lucien,Sture,lsture7y@usatoday.com,496-782-0365
324883,Auguste,Jindrak,ajindrak7z@geocities.jp,496-671-8408
795145,Elita,O'Mahoney,eomahoney80@privacy.gov.au,636-591-2106
49121,Hakim,Gallyon,hgallyon81@google.com.br,257-588-9598
682022,Huntington,Dyet,hdyet82@guardian.co.uk,339-247-8438
668461,Klaus,Lope,klope83@goodreads.com,345-375-5620
100161,Mabel,Batchellor,mbatchellor84@go.com,770-456-0719
894513,Babb,Bracknell,bbracknell85@wired.com,801-299-2500
208912,Estrellita,Bramsen,ebramsen86@a8.net,307-918-2895
38712,Brent,Rennicks,brennicks87@wordpress.org,592-872-3113
403655,Dix,Bruni,dbruni88@weather.com,276-471-8890
267046,Jarid,Parradye,jparradye89@miibeian.gov.cn,774-495-8348
363319,Christopher,Saker,csaker8a@technorati.com,652-683-9671
137631,Cordi,Burroughes,cburroughes8b@pinterest.com,377-449-5048
89068,Janna,Holgan,jholgan8c@abc.net.au,861-502-8694
628434,Kaia,Bridel,kbridel8d@blinklist.com,653-346-3870
621989,Shelly,Redgrave,sredgrave8e@stanford.edu,515-691-7612
360923,Vic,O'Flynn,voflynn8f@weebly.com,410-699-8868
306724,Florie,Haffard,fhaffard8g@dyndns.org,836-444-4920
670691,Bailey,MacCurlye,bmaccurlye8h@tinyurl.com,938-253-6670
149579,Darlene,Spirritt,dspirritt8i@gizmodo.com,553-407-4256
876622,Danielle,Pauls,dpauls8j@cafepress.com,737-532-8611
239950,Poppy,Scriviner,pscriviner8k@mail.ru,510-768-2693
248801,Cliff,Sloegrave,csloegrave8l@google.fr,770-288-5301
555475,Barnett,Raddan,braddan8m@ycombinator.com,445-696-3697
643275,Nial,Skyme,nskyme8n@acquirethisname.com,288-807-0274
272569,Peria,Ingerman,pingerman8o@livejournal.com,894-341-0488
510790,Ambrosi,Frier,afrier8p@csmonitor.com,601-305-8349
510496,Shirlee,Realy,srealy8q@bandcamp.com,577-239-9754
425706,Quinlan,Woodroffe,qwoodroffe8r@issuu.com,807-727-3042
220021,Pearle,Dowey,pdowey8s@auda.org.au,692-102-1402
984866,Harris,Radborn,hradborn8t@printfriendly.com,978-718-8847
202434,Una,Luppitt,uluppitt8u@blog.com,252-817-4469
17561,Melania,Rawlins,mrawlins8v@utexas.edu,499-764-3620
111265,Lorrayne,Parsisson,lparsisson8w@altervista.org,322-808-9643
430566,Iris,MacCafferky,imaccafferky8x@mediafire.com,292-681-8366
943394,Saundra,Kelson,skelson8y@prlog.org,530-367-4789
323153,Carlie,Mault,cmault8z@icq.com,786-675-7537
452936,Juliana,Kobisch,jkobisch90@blinklist.com,150-216-9229
695200,Erhard,Boldra,eboldra91@amazon.co.uk,147-566-9591
79587,Jsandye,Kyd,jkyd92@netlog.com,276-934-4384
709877,Leticia,Jickells,ljickells93@ucoz.ru,868-308-7970
194839,Yorker,Dunnaway,ydunnaway94@github.io,506-212-9879
394358,Erasmus,Crimp,ecrimp95@instagram.com,598-719-7361
145653,Fidelia,Dalliwater,fdalliwater96@columbia.edu,108-738-3231
535484,Rickie,Bellwood,rbellwood97@usatoday.com,983-420-4890
128175,Joycelin,Seath,jseath98@slate.com,198-567-1920
578684,Rahal,Kitchingman,rkitchingman99@cpanel.net,286-207-3805
156985,Thaxter,Zmitrichenko,tzmitrichenko9a@dyndns.org,966-757-0545
132363,Caprice,Scrafton,cscrafton9b@cnbc.com,317-184-8820
950271,Jessa,Furness,jfurness9c@mtv.com,274-708-1835
22356,Trudie,Klaessen,tklaessen9d@samsung.com,147-331-7321
385273,Benjamen,Whoston,bwhoston9e@umich.edu,205-888-6100
956886,Doyle,Offner,doffner9f@studiopress.com,243-205-3290
582618,Gerianna,Lorentz,glorentz9g@google.cn,904-880-7336
257367,Horacio,Bertelet,hbertelet9h@flavors.me,171-127-6391
270101,Dasya,Aspinell,daspinell9i@comsenz.com,677-296-1011
312322,Anny,Jeffcoat,ajeffcoat9j@soundcloud.com,734-724-6969
212848,Dicky,McCrow,dmccrow9k@photobucket.com,354-420-5118
381395,Adan,Puller,apuller9l@networkadvertising.org,725-140-6210
778723,Micaela,Tolputt,mtolputt9m@usa.gov,767-437-3201
265476,Thebault,de Quesne,tdequesne9n@51.la,927-340-9663
307155,Jennifer,Sammon,jsammon9o@clickbank.net,984-824-8393
146828,Violet,Rosenshine,vrosenshine9p@deliciousdays.com,824-701-5381
767680,Alexis,Halden,ahalden9q@foxnews.com,377-373-7983
367586,Aldric,Ianetti,aianetti9r@arizona.edu,603-609-5989
14101,Gilbert,Jelphs,gjelphs9s@comcast.net,111-102-5842
136928,Stefania,Kidder,skidder9t@tmall.com,137-708-5893
710055,Case,Hitschke,chitschke9u@usatoday.com,617-967-9196
244892,Lou,Shallcross,lshallcross9v@histats.com,248-202-9714
543956,Shellysheldon,Vernau,svernau9w@hc360.com,799-381-0536
465364,Henry,Cochrane,hcochrane9x@google.pl,542-205-0554
419427,Sioux,Spore,sspore9y@yellowpages.com,693-284-5177
386137,Brittany,Hurich,bhurich9z@seesaa.net,748-321-4954
796537,Vi,Skerrett,vskerretta0@disqus.com,941-713-0233
712440,Agustin,Brydie,abrydiea1@pen.io,421-919-2690
636410,Guglielma,Sewley,gsewleya2@sina.com.cn,860-425-9440
406240,Blanche,Hoopper,bhooppera3@biglobe.ne.jp,983-263-1151
285047,Paco,Luffman,pluffmana4@dropbox.com,866-150-8457
945956,Tomlin,Pond-Jones,tpondjonesa5@msn.com,131-103-4674
635299,Steffie,Siberry,ssiberrya6@ning.com,811-488-1836
774604,Buck,Glover,bglovera7@ibm.com,829-759-9221
985261,Eugenia,Got,egota8@artisteer.com,625-490-6064
525959,Lancelot,Slowly,lslowlya9@weather.com,729-907-0323
533445,Ruth,Habert,rhabertaa@seesaa.net,613-221-9961
265774,Raphael,Friar,rfriarab@miibeian.gov.cn,595-356-4877
234303,Berne,Teague,bteagueac@wikia.com,501-888-4795
120521,Putnem,Ikins,pikinsad@fastcompany.com,246-827-9302
542236,Heida,Dockrell,hdockrellae@ask.com,387-120-4416
564349,Geri,Blaksley,gblaksleyaf@yale.edu,436-288-9201
589511,Johnna,Gobert,jgobertag@trellian.com,777-730-0230
543989,Boycey,Hansed,bhansedah@mtv.com,347-835-8122
323586,Wilbert,Sallans,wsallansai@google.it,420-900-1413
838685,Perl,Kiehl,pkiehlaj@1688.com,174-104-6347
645704,Monroe,Fold,mfoldak@scribd.com,190-221-1446
977199,Randie,Calabry,rcalabryal@google.pl,898-684-4887
124887,Tonia,Tod,ttodam@51.la,633-612-4872
233985,Hyacinth,Cymper,hcymperan@macromedia.com,593-355-7702
172852,Reube,Andrichak,randrichakao@pbs.org,588-596-4628
8470,Krystal,Higford,khigfordap@npr.org,415-557-5950
269622,Ajay,Puddefoot,apuddefootaq@jalbum.net,708-438-8493
59920,Myrna,Eveling,mevelingar@dion.ne.jp,420-605-9158
820715,Miranda,Bierman,mbiermanas@privacy.gov.au,567-204-0844
479237,Trstram,Carillo,tcarilloat@cnbc.com,770-937-4574
143442,Elton,Andrys,eandrysau@zimbio.com,434-518-1048
580202,Cornela,Stuckey,cstuckeyav@lulu.com,340-982-2373
912297,Allyn,Winwood,awinwoodaw@google.ca,811-521-6880
565098,Niko,Hellin,nhellinax@canalblog.com,139-650-2779
6897,Cahra,Danslow,cdansloway@t-online.de,204-787-8829
668731,Eleen,Hurst,ehurstaz@usnews.com,298-855-0617
411217,Cull,Cowill,ccowillb0@si.edu,305-966-2631
695777,Johan,Sickling,jsicklingb1@cnn.com,668-958-9693
233304,Lurleen,Slyme,lslymeb2@angelfire.com,524-509-8788
290908,Marlane,Scheffel,mscheffelb3@ucoz.ru,174-830-7010
870408,Gar,Sharp,gsharpb4@sbwire.com,362-480-1318
296275,Othilia,Agg,oaggb5@about.com,566-629-7816
201171,Winna,Bartos,wbartosb6@smugmug.com,119-425-1387
469057,Doria,Ironside,dironsideb7@admin.ch,478-359-9040
912805,Yelena,Whistan,ywhistanb8@zimbio.com,623-548-5037
745860,Kristo,Cesaric,kcesaricb9@mashable.com,469-720-7734
440812,Lamond,Taffley,ltaffleyba@dedecms.com,401-956-4308
931221,Gregg,Sallowaye,gsallowayebb@google.com.br,149-380-2890
259663,Sidney,Schuricke,sschurickebc@usda.gov,439-488-0645
387788,Rafaela,Ketteman,rkettemanbd@oracle.com,538-916-0624
392831,Frasquito,Phlippsen,fphlippsenbe@mit.edu,129-537-2183
683829,Mallory,Gainsboro,mgainsborobf@youtu.be,306-510-5433
629892,Rudiger,Hurler,rhurlerbg@oaic.gov.au,497-697-5079
600750,Zonda,Pedron,zpedronbh@cam.ac.uk,746-495-7375
198794,Wilden,McKendry,wmckendrybi@google.de,297-117-4605
98262,Rutter,Dyne,rdynebj@clickbank.net,342-267-7355
956135,Maible,Novacek,mnovacekbk@hao123.com,337-531-5320
605491,Christie,Oriel,corielbl@uol.com.br,367-573-1538
182577,Karia,Rothman,krothmanbm@tripod.com,735-612-4785
967408,Laurette,Pettit,lpettitbn@biglobe.ne.jp,495-228-5938
254415,Aubrette,Fullard,afullardbo@usatoday.com,640-718-4710
827320,Emmery,Pareman,eparemanbp@angelfire.com,296-239-8447
665573,Giacopo,McIlvenny,gmcilvennybq@epa.gov,604-753-8328
657767,Caro,Dore,cdorebr@ning.com,438-886-2947
458357,Jami,Highnam,jhighnambs@goodreads.com,909-188-7633
791250,Dru,Treadaway,dtreadawaybt@google.it,283-302-5990
988010,Jone,Gaspero,jgasperobu@mapquest.com,733-797-0521
418266,Kathe,Asty,kastybv@mlb.com,945-746-1592
414940,Anson,Rylett,arylettbw@craigslist.org,916-673-6869
239354,Lona,Deveraux,ldeverauxbx@europa.eu,816-714-7695
904995,Noni,Pritchard,npritchardby@miibeian.gov.cn,835-620-6505
604310,Ev,Ferenc,eferencbz@ocn.ne.jp,418-362-2060
196829,Ellen,De Bruyne,edebruynec0@toplist.cz,940-269-5854
581630,Mommy,Delgadillo,mdelgadilloc1@gizmodo.com,284-612-0728
266422,Micaela,Carefull,mcarefullc2@samsung.com,431-828-1015
157948,Niccolo,Davydychev,ndavydychevc3@flavors.me,402-851-1127
939708,Hephzibah,Willoway,hwillowayc4@ca.gov,959-976-8764
981949,Pat,Abisetti,pabisettic5@usatoday.com,397-516-4767
406016,Bibi,Divell,bdivellc6@nih.gov,281-328-6011
264811,Calypso,Grastye,cgrastyec7@gizmodo.com,349-866-9483
438379,Lonni,Avrasin,lavrasinc8@hc360.com,925-150-5182
333372,Venus,Date,vdatec9@hexun.com,707-127-7297
69429,Queenie,Elstob,qelstobca@addtoany.com,829-332-9675
373604,Lilas,Challiss,lchallisscb@vkontakte.ru,636-111-5028
645964,Idalina,Ranald,iranaldcc@about.me,595-497-8791
939644,Angele,Stanway,astanwaycd@so-net.ne.jp,929-852-7235
781365,Giustina,Klageman,gklagemance@istockphoto.com,517-446-6988
703918,Wendye,Migheli,wmighelicf@mozilla.org,161-522-2505
961787,Aurlie,Rimmington,arimmingtoncg@omniture.com,414-578-6649
114281,Shane,Jeffray,sjeffraych@netvibes.com,923-592-1442
406868,Neila,Gaffer,ngafferci@purevolume.com,963-246-3190
731077,Dyane,Pomfrett,dpomfrettcj@squarespace.com,719-469-3485
825278,Clementina,Swate,cswateck@barnesandnoble.com,468-566-8916
285035,Donetta,Jirek,djirekcl@bbc.co.uk,255-360-2605
382136,Hi,Riehm,hriehmcm@elegantthemes.com,265-311-2801
825904,Eugene,Lanfere,elanferecn@gravatar.com,274-758-1124
307619,Clarance,McCarrick,cmccarrickco@tripadvisor.com,234-186-9216
981669,Jorry,Theakston,jtheakstoncp@ihg.com,511-292-0959
35732,Chrisse,Heisham,cheishamcq@spotify.com,512-577-2783
174857,Flint,Synke,fsynkecr@webs.com,797-916-2240
499104,Devondra,Zelake,dzelakecs@cornell.edu,112-509-7939
160415,Chanda,Goude,cgoudect@opera.com,874-218-9228
748964,Ignace,Blazek,iblazekcu@hubpages.com,595-846-1856
709152,Gannon,Attock,gattockcv@trellian.com,186-348-5602
510376,Lyndsey,MacIlory,lmacilorycw@newyorker.com,877-249-6235
41374,Christoph,Malafe,cmalafecx@ihg.com,113-559-8023
4439,Howie,Frounks,hfrounkscy@utexas.edu,911-123-7225
946316,Slade,Moraleda,smoraledacz@amazon.co.jp,119-221-7677
643306,Tracey,Oddey,toddeyd0@nifty.com,900-780-9980
557770,Annalise,Batman,abatmand1@taobao.com,306-566-9473
635214,Godart,Brownell,gbrownelld2@freewebs.com,334-979-0867
999432,Morgen,Samber,msamberd3@jiathis.com,888-515-4325
491264,Anson,Polson,apolsond4@mlb.com,941-293-3319
700875,Hedwiga,Rosenqvist,hrosenqvistd5@mashable.com,235-597-3257
59444,Monro,Ledbury,mledburyd6@yellowbook.com,688-598-0522
419947,Benny,Kobu,bkobud7@phpbb.com,551-840-6385
643286,Woodrow,Dillingstone,wdillingstoned8@springer.com,109-711-5387
475608,Ev,Bradman,ebradmand9@creativecommons.org,480-381-1408
140872,Karlene,Corstan,kcorstanda@opensource.org,106-884-3359
668405,Kendra,Episcopi,kepiscopidb@unblog.fr,482-979-3790
52502,Alethea,Francomb,afrancombdc@ehow.com,461-531-2800
609204,Ezekiel,Salaman,esalamandd@samsung.com,324-769-3501
648513,Banky,Rochelle,brochellede@nps.gov,110-933-8957
911836,Noreen,Moohan,nmoohandf@whitehouse.gov,369-166-4320
684982,Mariam,Cadle,mcadledg@hatena.ne.jp,807-658-0016
777329,Simon,Wildber,swildberdh@samsung.com,560-463-6585
611651,Moyna,Gooder,mgooderdi@ftc.gov,692-841-2824
354236,Shaine,Pennetta,spennettadj@theglobeandmail.com,725-377-3910
217151,Serene,Morrott,smorrottdk@ezinearticles.com,757-729-8456
493331,Flemming,Dyster,fdysterdl@nsw.gov.au,426-242-7009
617308,Anabal,Lidgett,alidgettdm@nsw.gov.au,961-962-9636
289181,Micky,Sterzaker,msterzakerdn@bravesites.com,808-547-4844
685788,Candide,Bramsom,cbramsomdo@washingtonpost.com,622-639-2951
324478,Olympe,Batham,obathamdp@yandex.ru,849-765-2122
74269,Abra,Chazerand,achazeranddq@fda.gov,749-354-5174
39905,Malorie,Ferroli,mferrolidr@arizona.edu,799-673-8538
815447,Adi,Beadles,abeadlesds@elegantthemes.com,789-709-4520
337901,Lloyd,Matovic,lmatovicdt@ustream.tv,714-492-0860
312811,Fedora,MacNeilley,fmacneilleydu@techcrunch.com,219-280-6231
378857,Larry,Clemenson,lclemensondv@adobe.com,967-332-4053
846949,Chaim,Vasile,cvasiledw@i2i.jp,579-723-5253
945871,Flore,Rubrow,frubrowdx@wiley.com,761-131-7097
921421,Geoffrey,Leupold,gleupolddy@marketwatch.com,467-672-3405
233864,Raul,Burgis,rburgisdz@time.com,286-205-8981
125217,Patton,MacGinlay,pmacginlaye0@mit.edu,739-343-2594
216310,Allayne,Boxen,aboxene1@usa.gov,902-806-1766
481305,Alyce,Cotillard,acotillarde2@hexun.com,658-820-7444
121144,Patrick,Demko,pdemkoe3@adobe.com,402-831-2156
379265,Temple,Halshaw,thalshawe4@geocities.jp,137-582-5777
969722,Quinton,McGeachey,qmcgeacheye5@t-online.de,276-673-3131
766406,Joleen,Epdell,jepdelle6@wired.com,246-745-1892
881808,Jessa,Whitty,jwhittye7@people.com.cn,916-792-9458
127285,Hedda,Kleinert,hkleinerte8@elegantthemes.com,131-182-1051
434218,Kearney,Bartolijn,kbartolijne9@sfgate.com,383-647-9134
83527,Concordia,Mattocks,cmattocksea@seesaa.net,290-636-4077
359344,Hobey,Galbraith,hgalbraitheb@biglobe.ne.jp,866-508-1476
277028,Winnah,Monkleigh,wmonkleighec@economist.com,203-769-1170
757215,Egan,Grinsted,egrinsteded@cdbaby.com,723-457-5251
22521,Sax,Scollard,sscollardee@ihg.com,584-136-1066
980114,Liuka,Milton,lmiltonef@microsoft.com,304-734-6734
593351,Hillie,Llop,hllopeg@newyorker.com,478-383-7241
853800,Sue,Fayerbrother,sfayerbrothereh@aol.com,684-188-8782
932626,Wally,Fearnside,wfearnsideei@google.com,848-801-1693
765343,Maryann,Bage,mbageej@theguardian.com,869-759-2677
617121,Alice,Joiris,ajoirisek@upenn.edu,374-713-6367
110570,Errick,O'Gorman,eogormanel@ocn.ne.jp,275-795-0371
315882,Jacinthe,Tomsu,jtomsuem@mozilla.com,635-981-6646
75537,Steffie,Bulbrook,sbulbrooken@amazon.de,543-664-7175
388999,Chas,Loram,clorameo@istockphoto.com,151-585-6123
300580,Anjanette,Morsom,amorsomep@ifeng.com,449-374-2652
886724,Muffin,Rosenblath,mrosenblatheq@fastcompany.com,741-184-9805
359773,Benjamen,Vannuccini,bvannuccinier@weather.com,676-420-9495
846304,Carry,Edward,cedwardes@bbb.org,157-969-1442
876,Brnaby,Behrendsen,bbehrendsenet@xing.com,855-925-9634
338826,Kristy,Brandham,kbrandhameu@merriam-webster.com,954-975-1754
373061,Godfry,Fern,gfernev@un.org,367-150-1186
299924,Brena,Eastbrook,beastbrookew@discovery.com,196-382-9951
563375,Cassandre,Southerden,csoutherdenex@nba.com,604-391-8091
168366,Banky,Winnard,bwinnardey@mtv.com,830-184-1632
886116,Lisette,Kneale,lknealeez@tuttocitta.it,781-559-7843
557802,Samaria,Fries,sfriesf0@mozilla.com,474-351-7484
398808,Miller,Guenther,mguentherf1@thetimes.co.uk,154-783-5149
903336,Arturo,Fodden,afoddenf2@miitbeian.gov.cn,774-688-5578
827185,Rod,Pesticcio,rpesticciof3@mapy.cz,788-151-6923
381873,Kelley,Muzzall,kmuzzallf4@icq.com,400-812-4703
62536,Mikaela,Freezer,mfreezerf5@myspace.com,788-743-4076
740582,Pam,Few,pfewf6@addthis.com,732-906-7077
497650,Aubree,Tyzack,atyzackf7@bravesites.com,998-522-2960
938011,Glyn,Chaffey,gchaffeyf8@sakura.ne.jp,737-890-1440
558886,Filberto,Chalder,fchalderf9@nytimes.com,886-571-6030
20266,Clerc,Rappoport,crappoportfa@senate.gov,859-555-0487
78369,Archibaldo,Duffield,aduffieldfb@wufoo.com,243-626-6889
578529,Jarib,Barfoot,jbarfootfc@npr.org,856-892-5082
712450,Alvera,Kabos,akabosfd@ifeng.com,453-977-4810
646350,Winny,Lanaway,wlanawayfe@latimes.com,921-254-4260
405231,Zared,Decourt,zdecourtff@bizjournals.com,109-637-9387
231732,Haleigh,Dalrymple,hdalrymplefg@ucsd.edu,987-618-7357
39366,Roscoe,McKeand,rmckeandfh@kickstarter.com,928-725-4409
70856,Hester,Dundendale,hdundendalefi@illinois.edu,848-517-2508
709631,Carree,Bewshea,cbewsheafj@sourceforge.net,661-943-1427
69451,Justus,Annandale,jannandalefk@upenn.edu,218-942-4134
835649,Idell,Giorgietto,igiorgiettofl@networkadvertising.org,682-437-9778
764754,Tani,Bode,tbodefm@so-net.ne.jp,659-695-9703
276045,Nicolis,Wandrey,nwandreyfn@hubpages.com,682-437-1077
729659,Demott,Skipper,dskipperfo@amazon.de,836-498-4925
231164,Tally,Getten,tgettenfp@census.gov,987-201-1548
44777,Tera,Lages,tlagesfq@japanpost.jp,645-602-1300
593489,Ericka,Pegram,epegramfr@blogtalkradio.com,373-401-0468
983872,Horton,Fildes,hfildesfs@state.gov,297-740-9710
675868,Rozele,Rozier,rrozierft@wordpress.org,649-192-8997
86137,Cody,Eilhertsen,ceilhertsenfu@acquirethisname.com,219-632-0210
2405,Matthias,Faucett,mfaucettfv@barnesandnoble.com,255-882-9968
551415,Skell,Jeckell,sjeckellfw@networkadvertising.org,478-856-2262
456011,Cloris,Ipplett,cipplettfx@statcounter.com,538-357-0858
139057,Neddy,Nasey,nnaseyfy@about.me,385-977-8266
226891,Griselda,Mallett,gmallettfz@discovery.com,970-413-8345
241978,Kara-lynn,MacGray,kmacgrayg0@mediafire.com,140-939-0729
282158,Connie,Karoly,ckarolyg1@pcworld.com,292-531-8849
210611,Hamilton,Dilnot,hdilnotg2@walmart.com,711-308-2741
82335,Karilynn,Hebard,khebardg3@topsy.com,215-236-9403
345238,Charmaine,Fearon,cfearong4@phpbb.com,222-989-3854
664795,Leslie,La Croce,llacroceg5@sakura.ne.jp,179-558-5712
201233,Bobbie,Westbrook,bwestbrookg6@ovh.net,801-325-5233
14126,Lola,Saxton,lsaxtong7@techcrunch.com,750-110-7860
211373,Maison,Golland,mgollandg8@paypal.com,866-792-5756
952791,Annice,Jowle,ajowleg9@de.vu,796-693-9079
12762,Julianna,Rubinek,jrubinekga@utexas.edu,890-103-8667
539366,Harwilll,Wingeat,hwingeatgb@domainmarket.com,979-643-7235
868087,Madlin,Greatland,mgreatlandgc@google.co.uk,305-543-9104
205693,Alanna,Tenbrug,atenbruggd@yale.edu,870-505-1310
632154,Parker,Wisby,pwisbyge@reference.com,376-555-3057
307708,Jeanna,Scarbarrow,jscarbarrowgf@cmu.edu,328-802-8865
104109,Deny,Core,dcoregg@hostgator.com,768-983-5057
890890,Winston,Guerro,wguerrogh@addthis.com,746-662-8110
916784,Rodolfo,Spinas,rspinasgi@linkedin.com,536-769-2454
234381,Ciro,Meatcher,cmeatchergj@java.com,612-550-4552
318940,Derwin,St. Quentin,dstquentingk@salon.com,553-951-7552
57597,Mariette,Winham,mwinhamgl@hatena.ne.jp,209-197-9575
9511,Teddie,Sizzey,tsizzeygm@slideshare.net,736-214-7620
127394,Cristy,Galletley,cgalletleygn@sphinn.com,842-522-0871
460263,Katherine,Allingham,kallinghamgo@tiny.cc,616-424-0928
522600,Merill,Shadfourth,mshadfourthgp@cafepress.com,247-577-4298
113574,Sile,Bealing,sbealinggq@dion.ne.jp,759-864-0990
834585,Elsa,Tailour,etailourgr@pen.io,209-994-6894
309414,Timofei,Straun,tstraungs@paypal.com,916-357-7734
12848,Micah,Stonelake,mstonelakegt@rediff.com,172-678-3687
556609,Gwenni,Cleen,gcleengu@is.gd,786-352-7937
212525,Tallia,Obbard,tobbardgv@spiegel.de,874-393-5074
165921,Jaymee,Emanulsson,jemanulssongw@wordpress.com,134-321-5182
222948,Glennie,Swainston,gswainstongx@google.com.au,921-741-4637
363472,Wendi,Bart,wbartgy@constantcontact.com,867-929-9051
555932,Wood,Grundell,wgrundellgz@epa.gov,710-909-8290
267162,Emmanuel,Ferraretto,eferrarettoh0@marriott.com,252-328-7323
803207,Kendal,Beining,kbeiningh1@i2i.jp,368-473-2302
206885,Douglas,Guilliatt,dguilliatth2@creativecommons.org,857-708-7800
86953,Jacqui,Doody,jdoodyh3@google.fr,193-354-2148
28876,Gill,d' Eye,gdeyeh4@live.com,234-736-1198
848058,Myron,Warlock,mwarlockh5@icq.com,559-394-7447
342455,Ambrosius,Berrington,aberringtonh6@pinterest.com,300-269-2998
307344,Kata,Greneham,kgrenehamh7@prnewswire.com,606-733-4546
924317,Maryellen,Pol,mpolh8@google.com.au,287-236-3809
250407,Elka,Wenden,ewendenh9@merriam-webster.com,515-187-2028
133512,Bryon,Halmkin,bhalmkinha@skyrock.com,510-725-3331
539523,Imelda,Arbor,iarborhb@ox.ac.uk,372-888-9621
436747,Claudelle,Gisby,cgisbyhc@wisc.edu,996-623-4136
672633,Kellby,Tizard,ktizardhd@mlb.com,342-222-1832
377346,Torey,Glewe,tglewehe@unc.edu,599-516-2961
356740,Happy,O'Crigan,hocriganhf@walmart.com,877-572-2465
468729,Shina,Jeschner,sjeschnerhg@homestead.com,885-768-8515
813726,Sauncho,Leydon,sleydonhh@amazon.de,775-342-0848
926828,Kayley,ffrench Beytagh,kffrenchbeytaghhi@google.co.jp,635-826-6167
862506,Farrand,Mechell,fmechellhj@zimbio.com,387-584-9091
868788,Giovanni,Renyard,grenyardhk@cargocollective.com,105-570-9018
730943,Fabio,Vasiljevic,fvasiljevichl@un.org,227-275-6182
179990,Hermine,Mellenby,hmellenbyhm@army.mil,917-175-9672
565696,Rickie,McGillivrie,rmcgillivriehn@si.edu,585-457-9014
147167,Merry,Cork,mcorkho@behance.net,779-749-9504
420591,Karleen,Lau,klauhp@tamu.edu,471-599-8825
115927,Husein,Godbehere,hgodbeherehq@qq.com,210-441-4042
601688,Sergent,Yes,syeshr@bbb.org,685-264-8759
69293,Rusty,Baynes,rbayneshs@ovh.net,621-111-2234
680302,Georgina,Collete,gcolleteht@g.co,819-711-0729
761888,Robbyn,Hubball,rhubballhu@i2i.jp,634-406-1619
887207,Wendel,Buddle,wbuddlehv@addtoany.com,920-298-5645
845451,Rhett,Goudman,rgoudmanhw@arizona.edu,655-547-8128
947388,Arney,Drysdale,adrysdalehx@pagesperso-orange.fr,494-667-0690
436454,Link,Brumbie,lbrumbiehy@kickstarter.com,371-513-0867
919696,Remus,Legan,rleganhz@g.co,152-642-5268
181970,Abbott,Grealy,agrealyi0@microsoft.com,442-283-3641
424031,Tarrance,Davidou,tdavidoui1@youku.com,997-364-8191
384476,Grier,Hamblett,ghambletti2@who.int,152-479-9368
112896,Pippa,Orrick,porricki3@elpais.com,415-672-5678
762776,Kirstin,Mustard,kmustardi4@google.com,176-880-7580
93860,Eden,Waterfield,ewaterfieldi5@arstechnica.com,127-405-6104
781111,Josie,Garaway,jgarawayi6@adobe.com,614-896-2593
503476,Levey,Itzakson,litzaksoni7@homestead.com,559-562-0520
758462,Timofei,Glenfield,tglenfieldi8@jalbum.net,283-296-6325
1731,Bail,Dunderdale,bdunderdalei9@indiatimes.com,677-755-8459
855047,Thain,Grzelczak,tgrzelczakia@naver.com,465-537-0325
981893,L;urette,Winslett,lwinslettib@businessweek.com,518-964-6823
730587,Engracia,Spackman,espackmanic@posterous.com,616-404-9208
292111,Jorgan,Tyhurst,jtyhurstid@myspace.com,545-740-4556
45202,Wally,Milier,wmilierie@fastcompany.com,381-484-3732
661360,Romonda,Enrigo,renrigoif@businessinsider.com,563-377-4519
881523,Carter,Hasling,chaslingig@eventbrite.com,288-602-2712
165012,Gerek,Natwick,gnatwickih@meetup.com,469-759-8409
647491,Lennie,Buss,lbussii@stumbleupon.com,127-376-1864
892893,Tania,Slowgrove,tslowgroveij@lycos.com,287-385-6198
75268,Rora,Vallentin,rvallentinik@disqus.com,771-978-7678
845989,Toddie,Stace,tstaceil@technorati.com,120-288-3132
987556,Artemus,Yerrill,ayerrillim@shop-pro.jp,362-711-8646
793709,Caspar,Buzine,cbuzinein@reference.com,229-396-4857
712364,Galvan,Glasner,gglasnerio@imageshack.us,254-945-3791
374323,Amalle,O'Sharry,aosharryip@sohu.com,927-748-9206
989804,Humfrid,Dixie,hdixieiq@livejournal.com,358-488-4886
523613,Jeannette,Wallentin,jwallentinir@jimdo.com,220-988-8833
983124,Rosalinde,Poetz,rpoetzis@ow.ly,661-397-4662
617738,Willamina,Boddie,wboddieit@hatena.ne.jp,968-598-6464
201205,Duke,Hartley,dhartleyiu@wordpress.org,256-146-7124
36044,Channa,Avramchik,cavramchikiv@alibaba.com,494-617-7859
924721,Storm,Tarrant,starrantiw@nsw.gov.au,627-345-0469
373555,Mehetabel,Rushe,mrusheix@shutterfly.com,888-486-2611
483618,Bertine,Murdy,bmurdyiy@ox.ac.uk,541-353-1161
24312,Shawnee,Trowler,strowleriz@dropbox.com,481-651-8076
24570,Kerry,Reavey,kreaveyj0@hibu.com,365-648-9603
912763,Rayner,Cavolini,rcavolinij1@xing.com,704-688-9344
365798,Adelind,Ruger,arugerj2@yellowpages.com,110-403-8087
428351,Sidney,Thackray,sthackrayj3@51.la,807-973-2959
443954,Arvie,Doblin,adoblinj4@eventbrite.com,890-925-8619
605471,Friedrick,Pittel,fpittelj5@creativecommons.org,169-445-2957
976655,Silvana,Hiscoke,shiscokej6@quantcast.com,509-128-5345
323638,Aidan,Watkiss,awatkissj7@netlog.com,184-724-5606
404495,Elyssa,Lattka,elattkaj8@skyrock.com,210-914-4130
830973,Jefferey,Conaghan,jconaghanj9@1688.com,915-612-5287
984500,Magdalen,MacCarrick,mmaccarrickja@stanford.edu,940-313-0585
476367,Heda,Vader,hvaderjb@lycos.com,914-284-9366
297189,Estrella,Suerz,esuerzjc@go.com,891-412-1665
3491,Liliane,Tudbald,ltudbaldjd@sbwire.com,108-156-9575
942234,Rhonda,Licence,rlicenceje@tuttocitta.it,760-315-8764
881503,Man,Cayette,mcayettejf@hatena.ne.jp,546-436-9298
534407,Tabbie,Blyth,tblythjg@zdnet.com,547-595-0532
723191,Filmer,Lamberton,flambertonjh@omniture.com,459-583-8947
305096,Ruddy,Knightly,rknightlyji@omniture.com,904-591-0905
49770,Carma,Barthorpe,cbarthorpejj@flavors.me,328-190-2621
985076,Addi,Boam,aboamjk@w3.org,862-601-3406
423445,Dayna,Bosomworth,dbosomworthjl@toplist.cz,715-517-9855
902437,Nahum,Skett,nskettjm@nydailynews.com,191-224-0988
701923,Lenna,Eunson,leunsonjn@so-net.ne.jp,293-363-1980
664651,Alvina,Ley,aleyjo@parallels.com,772-540-3534
557482,Orv,MacLachlan,omaclachlanjp@army.mil,310-872-5304
363329,Forrest,Hulstrom,fhulstromjq@sbwire.com,847-210-2148
721176,Laraine,Bolland,lbollandjr@microsoft.com,951-887-2518
671277,Mollee,Simmgen,msimmgenjs@jalbum.net,978-233-7842
865545,Jamaal,Kenneway,jkennewayjt@redcross.org,486-559-0414
194454,Sullivan,Rosenblatt,srosenblattju@smugmug.com,485-369-1097
703199,Cross,Pallister,cpallisterjv@facebook.com,855-917-1757
297617,Selig,Mulvy,smulvyjw@ftc.gov,285-785-9988
57574,Honor,Geraldez,hgeraldezjx@ft.com,290-172-2391
156231,Papageno,Brown,pbrownjy@taobao.com,207-614-0146
775156,Starlene,Stadden,sstaddenjz@unblog.fr,759-792-0760
102720,Tripp,Ponnsett,tponnsettk0@wikia.com,433-515-9421
592445,Nolie,Middas,nmiddask1@aol.com,685-354-3700
186491,Rosette,MacGorrie,rmacgorriek2@bloglovin.com,936-636-8745
552539,Harrison,Zimmermeister,hzimmermeisterk3@google.co.jp,422-737-9979
666508,Tris,Brawn,tbrawnk4@digg.com,198-759-3707
707120,Ellwood,Burbidge,eburbidgek5@gravatar.com,364-506-0275
27494,Georgiana,Lefridge,glefridgek6@bloglovin.com,425-294-4009
66504,Jayne,Hawken,jhawkenk7@toplist.cz,235-388-1490
418906,Granger,Thoresbie,gthoresbiek8@ebay.co.uk,627-881-2075
390133,Pammie,Peaseman,ppeasemank9@apache.org,224-850-3859
200339,Gill,Pennycuick,gpennycuickka@diigo.com,511-462-6442
304888,Dee,Grint,dgrintkb@sciencedirect.com,758-424-7345
810282,Kean,Lidgley,klidgleykc@angelfire.com,785-302-9501
754228,Jenny,Bodycote,jbodycotekd@mail.ru,451-365-5231
380478,Page,Mardlin,pmardlinke@kickstarter.com,672-457-0958
828420,Sheba,Bursell,sbursellkf@360.cn,618-881-1031
303529,Myrilla,Snelgrove,msnelgrovekg@miitbeian.gov.cn,548-114-7398
193262,Stanley,Carles,scarleskh@marketwatch.com,855-534-2854
803114,Iggie,Tite,ititeki@elpais.com,847-454-5133
688880,Woodrow,O'Keeffe,wokeeffekj@toplist.cz,860-278-7785
530162,Ebba,Davenhall,edavenhallkk@theglobeandmail.com,850-459-0822
123331,Candra,D'Aeth,cdaethkl@people.com.cn,395-158-2554
361481,Colet,Rodnight,crodnightkm@apple.com,586-793-0720
388772,Courtney,Royl,croylkn@github.com,782-155-0942
349792,Franni,Dunkerton,fdunkertonko@chicagotribune.com,272-992-5021
302389,Wood,Tween,wtweenkp@sphinn.com,583-912-3993
475217,Ode,Milhench,omilhenchkq@miitbeian.gov.cn,609-660-2987
975594,Jimmie,Izkovitch,jizkovitchkr@photobucket.com,228-939-6234
588952,Maxie,Bernaciak,mbernaciakks@skype.com,234-581-4625
247647,Michell,Donisthorpe,mdonisthorpekt@weebly.com,567-251-4678
770928,Boot,Harnetty,bharnettyku@omniture.com,630-930-5694
279495,Dyanne,Boltwood,dboltwoodkv@homestead.com,871-598-1890
390942,Dean,Venning,dvenningkw@indiegogo.com,764-429-0914
356549,Gael,Ferro,gferrokx@dot.gov,219-475-2567
687642,Lion,Maxfield,lmaxfieldky@dropbox.com,271-240-2569
434073,Crichton,Ferriman,cferrimankz@cnn.com,971-398-8526
183290,Madeline,Coker,mcokerl0@ft.com,100-234-5520
526318,Cherise,Gayter,cgayterl1@geocities.com,758-970-8056
664481,Hermione,Pettifer,hpettiferl2@csmonitor.com,630-565-7238
896519,Terrijo,Culbard,tculbardl3@flickr.com,248-224-0284
662958,Rex,Stoppard,rstoppardl4@yolasite.com,318-828-0933
85754,Averell,Mix,amixl5@tinypic.com,207-508-4211
214847,Aguie,Sandaver,asandaverl6@jiathis.com,622-458-3872
36659,Arly,Laffan,alaffanl7@ca.gov,599-699-1961
682041,Renado,Boult,rboultl8@arstechnica.com,713-958-9357
409714,Maynard,Tesdale,mtesdalel9@comsenz.com,848-960-8452
186748,Tabatha,Barttrum,tbarttrumla@amazon.co.uk,709-489-1782
955569,Aldon,Kauschke,akauschkelb@wikimedia.org,230-846-8746
571556,Dionis,Nevinson,dnevinsonlc@fotki.com,349-226-3947
656043,Win,Seniour,wseniourld@oakley.com,900-520-8503
573834,Douglas,Petrakov,dpetrakovle@mediafire.com,980-180-0059
605538,Larissa,Chadbourne,lchadbournelf@hexun.com,845-587-5516
845397,Brittaney,Perring,bperringlg@independent.co.uk,452-374-7563
30250,North,Fricker,nfrickerlh@canalblog.com,807-165-1213
636560,Sheena,Esposi,sesposili@comcast.net,465-631-2915
650691,Chloris,Wick,cwicklj@amazonaws.com,286-454-9038
923880,Joshua,Swigg,jswigglk@amazon.com,940-331-4645
901955,Nickola,Halsey,nhalseyll@nyu.edu,741-934-6464
838884,Frayda,Prestwich,fprestwichlm@nytimes.com,357-361-5779
892973,Rica,Palmer,rpalmerln@pagesperso-orange.fr,477-249-7589
480355,Almeta,Achurch,aachurchlo@fc2.com,772-665-3018
150454,Rosmunda,Ferryn,rferrynlp@joomla.org,923-372-3228
406968,Grace,Clemenzi,gclemenzilq@fema.gov,952-463-2684
236141,Veronica,Lennox,vlennoxlr@discovery.com,938-587-3442
355755,Conroy,Bosquet,cbosquetls@sfgate.com,394-776-8034
570065,Zachary,Fley,zfleylt@npr.org,331-646-9166
604688,Valencia,Shuxsmith,vshuxsmithlu@chicagotribune.com,831-132-1095
790377,Hildegaard,Spaxman,hspaxmanlv@time.com,938-588-1350
495912,Yolanda,Danihelka,ydanihelkalw@home.pl,512-770-9751
837604,Cosetta,Hicklingbottom,chicklingbottomlx@arizona.edu,955-287-9913
423493,Cordie,Tidbold,ctidboldly@feedburner.com,862-396-7240
478085,Brody,Haston,bhastonlz@smh.com.au,350-196-0390
65454,Katusha,Rigden,krigdenm0@yahoo.co.jp,126-296-3490
745968,Leodora,Kieran,lkieranm1@tinypic.com,677-762-9104
753544,Charlot,Vokes,cvokesm2@princeton.edu,460-642-0964
629654,Ketti,Gerauld,kgerauldm3@pen.io,539-748-6515
34451,Rocky,Kunat,rkunatm4@photobucket.com,105-838-1705
594969,Isabella,Fleeman,ifleemanm5@psu.edu,838-767-5276
436933,Mart,Royston,mroystonm6@japanpost.jp,365-483-9920
57827,Padgett,Jest,pjestm7@reddit.com,621-753-9151
384754,Gav,Maton,gmatonm8@opera.com,959-588-7042
363271,Chelsie,Moreman,cmoremanm9@dailymotion.com,282-833-7491
27718,Katie,McDermott-Row,kmcdermottrowma@aol.com,826-232-5602
260695,Reese,Nolli,rnollimb@google.com.br,304-438-3602
30898,Hollis,Huggins,hhugginsmc@gov.uk,337-154-0256
501112,Cordi,McCrie,cmccriemd@utexas.edu,370-696-1378
863346,Cathryn,Adame,cadameme@geocities.jp,552-180-8383
661583,Mariejeanne,Flowerdew,mflowerdewmf@dion.ne.jp,283-782-8009
372317,Corrine,Cordeux,ccordeuxmg@weibo.com,728-357-0068
27280,Bibbye,Mouget,bmougetmh@com.com,452-554-8849
225890,Carry,Tunbridge,ctunbridgemi@webs.com,771-700-9547
39765,Arluene,Chinge,achingemj@ifeng.com,185-510-6919
656744,Shawn,Wikey,swikeymk@lycos.com,222-182-2976
159512,Mozes,Verrechia,mverrechiaml@nyu.edu,399-977-5096
266935,Jard,Ellit,jellitmm@vistaprint.com,529-695-5314
665039,Fawnia,Balser,fbalsermn@dropbox.com,816-924-5926
175143,Jill,Levinge,jlevingemo@clickbank.net,445-459-4643
571857,Lisbeth,Placide,lplacidemp@barnesandnoble.com,857-970-7813
776455,Gerrie,Gouch,ggouchmq@illinois.edu,397-419-6053
985137,Cesar,McDavid,cmcdavidmr@yolasite.com,658-390-7686
679311,Forest,Alam,falamms@slideshare.net,871-672-4036
21480,Lovell,Jarrette,ljarrettemt@wisc.edu,574-111-8443
479117,Christye,Strike,cstrikemu@github.io,520-373-7061
60339,Francyne,Machel,fmachelmv@over-blog.com,542-573-6569
868723,Bran,Wapol,bwapolmw@japanpost.jp,960-912-9830
783894,Gearard,Scrymgeour,gscrymgeourmx@shareasale.com,797-661-4876
961244,Annalee,Turnell,aturnellmy@disqus.com,365-861-0886
650849,Andi,Tigwell,atigwellmz@disqus.com,636-931-1910
746547,Alyda,Fleet,afleetn0@cargocollective.com,497-856-7626
808590,Georgeanna,Gilbertson,ggilbertsonn1@unesco.org,392-506-3489
573845,Bailey,Kayzer,bkayzern2@cnbc.com,893-467-9245
521459,Harbert,Borg,hborgn3@oaic.gov.au,906-659-8654
900397,Sigismund,Burnall,sburnalln4@scientificamerican.com,878-952-0212
347883,Meridel,Mallalieu,mmallalieun5@bizjournals.com,396-418-6393
20211,Sara,McKue,smckuen6@cyberchimps.com,959-521-7460
766579,Bettine,Curman,bcurmann7@wikia.com,692-220-6025
710088,Sheba,Jacobs,sjacobsn8@imageshack.us,188-783-4677
977647,Marcus,Eccleston,mecclestonn9@clickbank.net,606-869-2484
583057,Tuesday,Rabbage,trabbagena@etsy.com,406-309-3494
990453,Mira,Rubberts,mrubbertsnb@arizona.edu,622-297-7049
835980,Paulie,Noton,pnotonnc@npr.org,169-612-6332
5983,Lilith,Huckster,lhucksternd@infoseek.co.jp,421-929-0037
273329,Xerxes,Langston,xlangstonne@accuweather.com,744-678-3952
109676,Joyann,Hefferon,jhefferonnf@ed.gov,194-409-5591
740942,Marven,Hakewell,mhakewellng@upenn.edu,904-707-1270
17289,Almeta,Paolino,apaolinonh@domainmarket.com,585-356-1688
172270,Quinn,Stede,qstedeni@phoca.cz,903-970-3871
259917,Marika,Bodiam,mbodiamnj@google.ru,522-189-2507
923419,Breena,Bellamy,bbellamynk@xing.com,272-999-5178
872262,Netty,Nacci,nnaccinl@imgur.com,601-839-6303
24506,Garey,Simak,gsimaknm@pcworld.com,495-437-5973
373123,Lebbie,Hyndley,lhyndleynn@indiatimes.com,122-701-9299
223223,Poul,Dutton,pduttonno@dailymotion.com,127-380-9093
51919,Lorenza,Gurrado,lgurradonp@histats.com,222-159-7504
744422,Gordy,Balassi,gbalassinq@usatoday.com,488-309-4690
324617,Freda,Jenicek,fjeniceknr@clickbank.net,850-736-3316
622764,Blane,Callendar,bcallendarns@slashdot.org,956-161-4448
529072,Cecilia,Bagley,cbagleynt@mozilla.org,520-475-2548
437847,Harold,Caverhill,hcaverhillnu@wordpress.org,584-433-3555
433679,Maryjane,Dutteridge,mdutteridgenv@harvard.edu,855-732-1143
483858,Jere,Bidnall,jbidnallnw@wiley.com,821-460-2365
36932,Emmott,Sartain,esartainnx@ihg.com,778-785-4091
222837,Orv,St. Hill,osthillny@ocn.ne.jp,236-284-0825
340356,Andreana,Ruff,aruffnz@webmd.com,715-624-6978
589495,Corina,Eltun,celtuno0@ox.ac.uk,146-779-9577
734053,Rab,Meltetal,rmeltetalo1@harvard.edu,922-435-1074
981785,Valaria,Rennard,vrennardo2@phoca.cz,638-855-1154
537821,Leighton,Witherby,lwitherbyo3@com.com,621-961-5640
452623,Evvie,Cuthill,ecuthillo4@zdnet.com,566-920-9548
172388,Bernadine,Snowman,bsnowmano5@blinklist.com,652-411-8112
372388,Daryl,Chitson,dchitsono6@prlog.org,577-327-7636
675385,Miltie,Jedrzejkiewicz,mjedrzejkiewiczo7@typepad.com,270-859-9157
698340,Salomo,Verduin,sverduino8@csmonitor.com,509-738-3215
390144,Jammal,Southcomb,jsouthcombo9@apple.com,149-181-6211
428551,Agatha,Hymans,ahymansoa@forbes.com,223-389-8198
238990,Shermie,Bavister,sbavisterob@gnu.org,915-530-2258
480165,Corrie,Sparshatt,csparshattoc@technorati.com,262-714-9936
638410,Timotheus,Chasen,tchasenod@fotki.com,907-871-4199
90131,Lyle,Sambath,lsambathoe@engadget.com,843-917-0634
473392,Portia,Jillett,pjillettof@ft.com,871-615-5436
615560,Gerry,Taffley,gtaffleyog@meetup.com,539-705-4645
108138,Lexie,Deetlof,ldeetlofoh@springer.com,202-818-5131
233065,Lyssa,Parncutt,lparncuttoi@bandcamp.com,910-979-7302
921210,Toiboid,MacGarvey,tmacgarveyoj@sogou.com,906-341-4433
576375,Malia,Messenger,mmessengerok@purevolume.com,919-529-6555
517681,Paolo,Dannohl,pdannohlol@usda.gov,266-514-6524
766559,Genna,Zealander,gzealanderom@oakley.com,532-654-2892
205494,Gweneth,Tithacott,gtithacotton@sciencedaily.com,259-344-9466
11661,Dede,Soff,dsoffoo@irs.gov,931-616-4943
924154,Odilia,Sandell,osandellop@sogou.com,925-607-0318
545846,Spense,Burch,sburchoq@t.co,662-558-2905
395514,Rosabelle,Coltart,rcoltartor@squidoo.com,620-712-2131
306270,Orella,Mascall,omascallos@blogger.com,686-254-9834
732778,Cherri,McGuire,cmcguireot@va.gov,534-386-7286
692526,Camilla,Manna,cmannaou@paginegialle.it,917-454-5627
4127,Abra,Pellant,apellantov@uiuc.edu,553-657-4382
299371,Johna,Frankel,jfrankelow@unc.edu,719-259-7674
213385,Ursa,Favey,ufaveyox@imgur.com,769-531-2483
537999,Colver,Milburne,cmilburneoy@umich.edu,234-173-7794
373815,Goldia,Whiles,gwhilesoz@mlb.com,944-794-8796
466190,Lina,Garrit,lgarritp0@bing.com,490-333-2081
343310,Delbert,Crouse,dcrousep1@cyberchimps.com,205-987-1886
875781,Marcella,Hanrott,mhanrottp2@163.com,532-128-3964
373076,Dirk,Wiffield,dwiffieldp3@xinhuanet.com,558-618-4642
735217,Aurora,Grainger,agraingerp4@jimdo.com,904-567-7540
979452,Aurelie,Heppenspall,aheppenspallp5@uiuc.edu,623-491-1061
728913,Lexie,Dauncey,ldaunceyp6@creativecommons.org,884-411-9868
457489,Marcelline,Oxbe,moxbep7@sciencedirect.com,281-310-4883
48075,Lennie,McGorley,lmcgorleyp8@jimdo.com,656-156-6079
852199,Reggie,MacCawley,rmaccawleyp9@sogou.com,613-626-9343
535866,Mead,Duer,mduerpa@rediff.com,205-686-1983
373726,Andra,Shackelton,ashackeltonpb@slashdot.org,873-889-6414
615150,Wye,Birney,wbirneypc@apache.org,807-183-8467
666354,Micah,Nutbeam,mnutbeampd@msu.edu,818-646-3405
60545,Latashia,Oxshott,loxshottpe@myspace.com,760-454-7695
250134,Gearard,Wolvey,gwolveypf@illinois.edu,236-330-7020
80431,Tarah,Chawkley,tchawkleypg@house.gov,200-814-3173
607905,Skelly,Ivanisov,sivanisovph@delicious.com,532-409-4988
762743,Rosy,Sunners,rsunnerspi@furl.net,815-866-9173
414186,Silvana,Briffett,sbriffettpj@addtoany.com,268-448-0914
785619,Delmar,McKimmie,dmckimmiepk@shareasale.com,137-604-8726
833530,Sansone,Bavage,sbavagepl@reverbnation.com,231-845-2958
799605,Rubi,Burkart,rburkartpm@slate.com,606-803-3076
11021,Cariotta,Copeman,ccopemanpn@jugem.jp,526-532-7389
28852,Georgette,Top,gtoppo@marriott.com,775-791-3831
152699,Marlin,Bellingham,mbellinghampp@wikispaces.com,756-137-1013
998029,Wilfred,Sinton,wsintonpq@unc.edu,335-621-6474
451121,Barth,Neicho,bneichopr@sbwire.com,700-762-9836
560254,Feodora,Kesley,fkesleyps@nhs.uk,866-186-3521
28274,Onida,Bortolozzi,obortolozzipt@sina.com.cn,354-936-8468
279182,Jarrett,Henriquet,jhenriquetpu@berkeley.edu,323-927-8020
479633,Blisse,Seelbach,bseelbachpv@arstechnica.com,887-515-6165
100780,Anestassia,Doughartie,adoughartiepw@nasa.gov,591-890-5835
234663,Milt,Pottiphar,mpottipharpx@tuttocitta.it,457-277-3110
577784,Shea,Torry,storrypy@auda.org.au,122-275-1938
706255,Hendrika,Cheeld,hcheeldpz@bloglines.com,959-209-1373
585607,Karen,Randales,krandalesq0@cbslocal.com,850-855-7636
463253,Timmi,Gerasch,tgeraschq1@census.gov,642-371-3368
835269,Geordie,Mcettrick,gmcettrickq2@livejournal.com,286-133-5891
330048,Vick,Beaglehole,vbeagleholeq3@msn.com,840-159-4062
157122,Ashia,O'Doireidh,aodoireidhq4@state.tx.us,364-955-9163
218014,Brigham,Elie,belieq5@t.co,494-346-8067
120319,Raf,Petzold,rpetzoldq6@prlog.org,811-996-8555
764701,Onfre,Petruszka,opetruszkaq7@google.com,389-847-9890
382113,Gert,Curbishley,gcurbishleyq8@fotki.com,679-654-0622
281796,Xever,Howgego,xhowgegoq9@ft.com,248-465-1774
963964,Levy,Matyugin,lmatyuginqa@usgs.gov,145-293-3540
665060,Danita,Leband,dlebandqb@reuters.com,583-391-7979
608438,Rafael,Boddam,rboddamqc@dailymotion.com,183-718-7231
700390,Gearalt,Tredinnick,gtredinnickqd@netlog.com,144-522-9776
601090,Garner,McRamsey,gmcramseyqe@mapquest.com,493-527-5975
330971,Jeff,Okker,jokkerqf@youtu.be,229-396-9001
762057,Gray,Dewey,gdeweyqg@weather.com,106-941-1661
453646,Levy,Gioan,lgioanqh@businesswire.com,398-761-0973
110263,Lesya,Stokey,lstokeyqi@noaa.gov,153-301-9468
371265,Arney,Krollman,akrollmanqj@vinaora.com,190-302-7719
745585,Findlay,Garrould,fgarrouldqk@yellowpages.com,705-564-8693
57290,Nicholas,Streets,nstreetsql@issuu.com,715-534-9649
411340,Mela,Sydes,msydesqm@ebay.com,913-427-7554
885518,Eugene,Kiernan,ekiernanqn@macromedia.com,776-682-8355
285646,Truda,Huggill,thuggillqo@baidu.com,871-781-1913
668263,Yasmeen,Arnaldy,yarnaldyqp@tinypic.com,520-311-4388
740041,Teri,Bussen,tbussenqq@acquirethisname.com,141-527-4893
403138,Kain,Sullivan,ksullivanqr@edublogs.org,954-636-3741
779805,Jameson,Furness,jfurnessqs@pen.io,579-477-1942
828910,Cosette,Malkin,cmalkinqt@china.com.cn,504-662-8270
353570,Alfy,Sutter,asutterqu@imgur.com,905-625-9241
627460,Zelig,Harrhy,zharrhyqv@deviantart.com,545-670-6102
731991,Linn,Digan,ldiganqw@ehow.com,729-559-0206
720774,Eva,Megroff,emegroffqx@flickr.com,283-996-0693
311119,Sile,Futcher,sfutcherqy@addtoany.com,123-439-9965
1550,Pietro,Havers,phaversqz@youtu.be,560-971-9335
355266,Noni,Allsepp,nallseppr0@jalbum.net,996-386-3268
468328,Cyndi,Tallquist,ctallquistr1@cam.ac.uk,993-882-6234
410612,Mab,Spawell,mspawellr2@geocities.jp,337-387-8636
530168,Veronika,Dorro,vdorror3@theatlantic.com,294-643-0832
283633,Leigh,Fishbie,lfishbier4@github.io,212-457-5325
312356,Cherry,Yerson,cyersonr5@quantcast.com,780-695-3243
364824,Abram,Seear,aseearr6@yahoo.co.jp,733-628-8872
895,Cristin,Tolomei,ctolomeir7@icq.com,139-363-9572
234786,Andrew,Brown,abrownr8@irs.gov,952-609-7609
500357,Maggee,Watkiss,mwatkissr9@house.gov,793-313-4437
506232,Valera,Older,volderra@flickr.com,635-369-8026
303183,Sophie,McGirl,smcgirlrb@epa.gov,554-950-9456
258341,Nana,Giovanni,ngiovannirc@ustream.tv,277-190-6473
710655,Gardie,Burkwood,gburkwoodrd@irs.gov,518-140-8190
872161,Syd,Drewet,sdrewetre@weather.com,297-806-7444
153128,Georgetta,Wittrington,gwittringtonrf@storify.com,819-911-2498
810612,Kenny,Jacobovitch,kjacobovitchrg@oaic.gov.au,328-126-6109
230138,Ferdie,Feehery,ffeeheryrh@slate.com,413-189-7886
598921,Trip,Heamus,theamusri@meetup.com,274-728-8243
824831,Doralin,Petr,dpetrrj@un.org,108-687-4811
279197,Evelyn,Megarry,emegarryrk@phpbb.com,395-284-5561
185281,Monah,Huard,mhuardrl@cpanel.net,399-500-2627
859212,Garrett,Horney,ghorneyrm@toplist.cz,191-578-9507
334039,Brendan,McIlvaney,bmcilvaneyrn@alexa.com,624-964-3141
387507,Darby,Schankelborg,dschankelborgro@ft.com,647-609-7037
328945,Cyril,Cratere,ccratererp@simplemachines.org,334-244-9806
989372,Chrissy,Ladon,cladonrq@ed.gov,459-944-4239
398751,Kristel,Abilowitz,kabilowitzrr@salon.com,194-435-1204
